{"Train Loss per step": 0.044933173805475235, "_timestamp": 1727704593.4091232, "_runtime": 398.53095507621765, "_step": 346}