{"Train Loss per step": 0.0001899526105262339, "_timestamp": 1727441905.6273615, "_runtime": 826.5263314247131, "_step": 891, "epoch": 1, "train_loss": 0.002668423136658141, "val_loss": 0.002614630685539768, "val_accuracy": 0.9855803893294881}